{"cameraMode":{"drawMode":0,"name":"Shaded","section":"Shading Mode"},"sceneLighting":false,"audioPlay":false,"sceneViewState":{"showFog":true,"showMaterialUpdate":false,"showSkybox":false,"showFlares":true,"showImageEffects":true,"showParticleSystems":true},"in2DMode":false,"pivot":{"x":1516.538330078125,"y":172.32635498046876,"z":629.2899780273438},"rotation":{"x":0.007284167222678661,"y":-0.9459015130996704,"z":0.02128695510327816,"w":0.3236730992794037},"size":19.77458381652832,"orthographic":false}