{"cameraMode":{"drawMode":0,"name":"Shaded","section":"Shading Mode"},"sceneLighting":true,"audioPlay":false,"sceneViewState":{"showFog":true,"showMaterialUpdate":false,"showSkybox":true,"showFlares":true,"showImageEffects":true,"showParticleSystems":true},"in2DMode":false,"pivot":{"x":470.23687744140627,"y":66.02828979492188,"z":18.048269271850587},"rotation":{"x":0.05573774874210358,"y":-0.03473876044154167,"z":0.0019406800856813789,"w":0.997839093208313},"size":854.6240844726563,"orthographic":false}